{
  "elapsed_seconds": 39.49454617500305,
  "peak_memory_mb": 2849.27734375,
  "time_pass": true,
  "memory_pass": true,
  "timestamp": 1782983953.5653248
}