{
  "elapsed_seconds": 45.85002374649048,
  "peak_memory_mb": 2843.93359375,
  "time_pass": true,
  "memory_pass": true,
  "timestamp": 1782986042.2301638
}