{
  "elapsed_seconds": 43.210522413253784,
  "peak_memory_mb": 2850.88671875,
  "time_pass": true,
  "memory_pass": true,
  "timestamp": 1782986835.5733767
}