{
  "elapsed_seconds": 6.862466096878052,
  "peak_memory_mb": 179.9921875,
  "time_pass": true,
  "memory_pass": true,
  "timestamp": 1782920648.6768095
}