{
  "elapsed_seconds": 47.80337905883789,
  "peak_memory_mb": 2824.671875,
  "time_pass": true,
  "memory_pass": true,
  "timestamp": 1782924750.1407876
}