{
  "elapsed_seconds": 80.77922987937927,
  "peak_memory_mb": 2827.390625,
  "time_pass": true,
  "memory_pass": true,
  "timestamp": 1782916734.7650955
}